<ImportExportXml version="9.2.23123.210" SolutionPackageVersion="9.2" languagecode="1046" generatedBy="CrmLive" xmlns:xsi="http://www.w3.org/2001/XMLSchema-instance">
  <SolutionManifest>
    <UniqueName>SolucaoDesfioFinalDIO</UniqueName>
    <LocalizedNames>
      <LocalizedName description="SoluçãoDesfioFinalDIO" languagecode="1046" />
    </LocalizedNames>
    <Descriptions />
    <Version>1.0.0.0</Version>
    <Managed>0</Managed>
    <Publisher>
      <UniqueName>gendersonfranca</UniqueName>
      <LocalizedNames>
        <LocalizedName description="Genderson França" languagecode="1046" />
      </LocalizedNames>
      <Descriptions />
      <EMailAddress xsi:nil="true"></EMailAddress>
      <SupportingWebsiteUrl xsi:nil="true"></SupportingWebsiteUrl>
      <CustomizationPrefix>dio</CustomizationPrefix>
      <CustomizationOptionValuePrefix>91430</CustomizationOptionValuePrefix>
      <Addresses>
        <Address>
          <AddressNumber>1</AddressNumber>
          <AddressTypeCode>1</AddressTypeCode>
          <City xsi:nil="true"></City>
          <County xsi:nil="true"></County>
          <Country xsi:nil="true"></Country>
          <Fax xsi:nil="true"></Fax>
          <FreightTermsCode xsi:nil="true"></FreightTermsCode>
          <ImportSequenceNumber xsi:nil="true"></ImportSequenceNumber>
          <Latitude xsi:nil="true"></Latitude>
          <Line1 xsi:nil="true"></Line1>
          <Line2 xsi:nil="true"></Line2>
          <Line3 xsi:nil="true"></Line3>
          <Longitude xsi:nil="true"></Longitude>
          <Name xsi:nil="true"></Name>
          <PostalCode xsi:nil="true"></PostalCode>
          <PostOfficeBox xsi:nil="true"></PostOfficeBox>
          <PrimaryContactName xsi:nil="true"></PrimaryContactName>
          <ShippingMethodCode>1</ShippingMethodCode>
          <StateOrProvince xsi:nil="true"></StateOrProvince>
          <Telephone1 xsi:nil="true"></Telephone1>
          <Telephone2 xsi:nil="true"></Telephone2>
          <Telephone3 xsi:nil="true"></Telephone3>
          <TimeZoneRuleVersionNumber xsi:nil="true"></TimeZoneRuleVersionNumber>
          <UPSZone xsi:nil="true"></UPSZone>
          <UTCOffset xsi:nil="true"></UTCOffset>
          <UTCConversionTimeZoneCode xsi:nil="true"></UTCConversionTimeZoneCode>
        </Address>
        <Address>
          <AddressNumber>2</AddressNumber>
          <AddressTypeCode>1</AddressTypeCode>
          <City xsi:nil="true"></City>
          <County xsi:nil="true"></County>
          <Country xsi:nil="true"></Country>
          <Fax xsi:nil="true"></Fax>
          <FreightTermsCode xsi:nil="true"></FreightTermsCode>
          <ImportSequenceNumber xsi:nil="true"></ImportSequenceNumber>
          <Latitude xsi:nil="true"></Latitude>
          <Line1 xsi:nil="true"></Line1>
          <Line2 xsi:nil="true"></Line2>
          <Line3 xsi:nil="true"></Line3>
          <Longitude xsi:nil="true"></Longitude>
          <Name xsi:nil="true"></Name>
          <PostalCode xsi:nil="true"></PostalCode>
          <PostOfficeBox xsi:nil="true"></PostOfficeBox>
          <PrimaryContactName xsi:nil="true"></PrimaryContactName>
          <ShippingMethodCode>1</ShippingMethodCode>
          <StateOrProvince xsi:nil="true"></StateOrProvince>
          <Telephone1 xsi:nil="true"></Telephone1>
          <Telephone2 xsi:nil="true"></Telephone2>
          <Telephone3 xsi:nil="true"></Telephone3>
          <TimeZoneRuleVersionNumber xsi:nil="true"></TimeZoneRuleVersionNumber>
          <UPSZone xsi:nil="true"></UPSZone>
          <UTCOffset xsi:nil="true"></UTCOffset>
          <UTCConversionTimeZoneCode xsi:nil="true"></UTCConversionTimeZoneCode>
        </Address>
      </Addresses>
    </Publisher>
    <RootComponents>
      <RootComponent type="1" schemaName="account" behavior="1" />
      <RootComponent type="1" schemaName="contact" behavior="1" />
      <RootComponent type="1" schemaName="dio_aluno" behavior="0" />
      <RootComponent type="1" schemaName="dio_curso_alunoxcursodisponvel" behavior="0" />
      <RootComponent type="1" schemaName="lead" behavior="1" />
      <RootComponent type="29" id="{1a481475-b562-47ec-ae10-769247d77dae}" behavior="0" />
      <RootComponent type="29" id="{91400cd4-cf91-4221-99e1-0335981c77d6}" behavior="0" />
      <RootComponent type="61" schemaName="dio_scritpActionCep" behavior="0" />
      <RootComponent type="62" schemaName="dio_APPDesafioFinalDIO" behavior="0" />
      <RootComponent type="80" schemaName="dio_APPDesafioFinalDIO" behavior="0" />
      <RootComponent type="91" id="{bd8486ae-72ed-46aa-a44b-d2f9b66c3c46}" schemaName="Desafio DIO CRM, Version=1.0.0.0, Culture=neutral, PublicKeyToken=0967c8e3441e16f1" behavior="0" />
    </RootComponents>
    <MissingDependencies>
      <MissingDependency>
        <Required type="1" schemaName="lead" displayName="Cliente Potencial" solution="msdynce_LeadManagement (9.0.4.0066)" />
        <Dependent type="1" schemaName="lead" displayName="Cliente Potencial" />
      </MissingDependency>
      <MissingDependency>
        <Required type="1" schemaName="lead" displayName="Cliente Potencial" solution="msdynce_LeadManagement (9.0.4.0066)" />
        <Dependent type="62" schemaName="dio_APPDesafioFinalDIO" />
      </MissingDependency>
      <MissingDependency>
        <Required type="1" schemaName="lead" displayName="Cliente Potencial" solution="msdynce_LeadManagement (9.0.4.0066)" />
        <Dependent type="80" schemaName="dio_APPDesafioFinalDIO" displayName="APP Desafio Final DIO" />
      </MissingDependency>
      <MissingDependency>
        <Required type="61" schemaName="msdyn_/Images/AppModule_Default_Icon.png" displayName="msdyn_/Images/AppModule_Default_Icon.png" solution="AppModuleWebResources (2.5)" />
        <Dependent type="80" schemaName="dio_APPDesafioFinalDIO" displayName="APP Desafio Final DIO" />
      </MissingDependency>
      <MissingDependency>
        <Required type="SettingDefinition" displayName="AppChannel" solution="msdyn_AppFrameworkInfraExtensions (1.0.0.6)" id.uniquename="AppChannel" />
        <Dependent type="AppSetting" displayName="parentappmoduleid.uniquename=dio_APPDesafioFinalDIO,settingdefinitionid.uniquename=AppChannel" id.parentappmoduleid.uniquename="dio_APPDesafioFinalDIO" id.settingdefinitionid.uniquename="AppChannel" />
      </MissingDependency>
    </MissingDependencies>
  </SolutionManifest>
</ImportExportXml>